<?xml version="1.0" encoding="UTF-8"?>
<project-private xmlns="http://www.netbeans.org/ns/project-private/1">
    <editor-bookmarks xmlns="http://www.netbeans.org/ns/editor-bookmarks/2" lastBookmarkId="0"/>
    <open-files xmlns="http://www.netbeans.org/ns/projectui-open-files/2">
        <group>
            <file>file:/C:/Users/jude/Documents/NetBeansProjects/Hotel%20Management%20System%20In%20Java/src/I3/UI/ControlPanel.java</file>
            <file>file:/C:/Users/jude/Documents/NetBeansProjects/Hotel%20Management%20System%20In%20Java/src/I3/UI/RoomPanel.java</file>
            <file>file:/C:/Users/jude/Documents/NetBeansProjects/Hotel%20Management%20System%20In%20Java/src/I3/DatabaseOperation/DataBaseConnection.java</file>
            <file>file:/C:/Users/jude/Documents/NetBeansProjects/Hotel%20Management%20System%20In%20Java/src/I3/DatabaseOperation/RoomDb.java</file>
            <file>file:/C:/Users/jude/Documents/NetBeansProjects/Hotel%20Management%20System%20In%20Java/src/I3/UI/PaymentPanel.java</file>
        </group>
    </open-files>
</project-private>
